,GENECARDS,ID
1,KCNAB2,Q13303
2,CAMTA1,Q9Y6Y1
3,WDTC1,Q8N5D0
4,TMEM39B,Q9GZU3
5,MROH7-TTC4,A0A0A0MT08
6,MROH7-TTC4,F8WC02
7,FPGT-TNNI3K,A0A3B3ITB1
8,FPGT-TNNI3K,A6NHC7
9,FPGT-TNNI3K,E9PKE1
10,FPGT-TNNI3K,V9GXZ4
11,AGL,P35573
12,FDPS,P14324
13,SYT11,Q9BT88
14,CEP350,Q5VT06
15,KCTD3,Q9Y597
16,FAM149B1,Q96BN6
17,INPP5F,Q9Y2H2
18,LHPP,Q9H008
19,TKFC,Q3LXA3
20,RTN3,O95197
21,DPP3,Q9NY33
22,RBM4,Q9BWF3
23,NEU3,Q9UQ49
24,AAMDC,Q9H7C9
25,ABCG4,Q9H172
26,DNM1L,O00429
27,DIP2B,Q9P265
28,DGKA,P23743
29,SYT1,P21579
30,PLBD2,Q8NHP8
31,GLT1D1,Q96MS3
32,BORA,Q6PGQ7
33,CDC16,Q13042
34,LRFN5,Q96NI6
35,KLHDC1,Q8N7A1
36,KTN1,Q86UP2
37,KLC1,Q07866
38,CKMT1A,P12532
39,GALK2,Q01415
40,SNX1,Q13596
41,HACD3,Q9P035
42,SCAMP5,Q8TAC9
43,NEIL1,Q96FI4
44,PHKB,Q93100
45,PLA2G15,Q8NCC3
46,ZNRF1,Q8ND25
47,DYNLRB2,Q8TF09
48,JPH3,Q8WXH2
49,TUBG2,Q9NRH3
50,ACBD4,Q8NC06
51,ZNF554,Q86TJ5
52,RFXANK,O14593
53,UBA2,Q9UBT2
54,ZNF420,Q8TAQ5
55,ZNF880,Q6PDB4
56,SLC1A4,P43007
57,ZNF638,Q14966
58,PTPN18,Q99952
59,R3HDM1,Q15032
60,MBD5,Q9P267
61,PSMD14,O00487
62,GULP1,Q9UBP9
63,ABI2,Q9NYB9
64,EEF1B2,P24534
65,DNAJB2,P25686
66,ARMC9,Q7Z3E5
67,UBE2F-SCLY,H3BSR4
68,UBE2F-SCLY,H3BUI7
69,SNED1,Q8TER0
70,SNAP25,P60880
71,DSTN,P60981
72,BCAS4,Q8TDM0
73,PCBP3,P57721
74,TTC38,Q5R3I4
75,BRK1,Q8WUW1
76,GOLGA4,Q13439
77,C3orf14,Q9HBI5
78,CLDN11,O75508
79,ZNF639,Q9UID6
80,EIF2B5,Q13144
81,CHRD,Q9H2X0
82,VPS8,Q8N3P4
83,OPA1,O60313
84,GRK4,P32298
85,ART3,Q13508
86,COPS4,Q9BT78
87,METAP1,P53582
88,LARP1B,Q659C4
89,GLRB,P48167
90,KLHL2,O95198
91,PDCD6,O75340
92,COMMD10,Q9Y6G5
93,HSD17B4,P51659
94,CXXC5,Q7LFL8
95,SLC6A7,Q99884
96,CNOT6,Q9ULM6
97,PSMG3-AS1,Q96PY0
98,CDK13,Q14004
99,UBE2D4,Q9Y2X8
100,DBNL,Q9UJU6
101,CCM2,Q9BSQ5
102,SUMF2,Q8NBJ7
103,CRCP,O75575
104,FKBP6,O75344
105,GTF2I,P78347
106,DMTF1,Q9Y222
107,CFAP69,A5D8W1
108,BCAP29,Q9UHQ4
109,AGAP3,Q96P47
110,TNKS,O95271
111,BAALC,Q8WXS3
112,NSMCE2,Q96MF7
113,LY6E,Q16553
114,KDM4C,Q9H3R0
115,WNK2,Q9Y3S1
116,CERCAM,Q5T4B2
117,CACNA1B,Q00975
118,GK,P32189
119,UBA1,P22314
120,GPR173,Q9NS66
121,IGBP1,P78318
122,SLC9A6,Q92581
123,FHL1,Q13642
124,ATP6AP1,Q15904
125,TXLNGY,Q9BZA5
126,PHACTR4,Q8IZ21
127,RBBP4,Q09028
128,NASP,P49321
129,EFCAB7,A8K855
130,ACADM,P11310
131,NDUFS2,O75306
132,TSNAX-DISC1,C4P0D4
133,TSNAX-DISC1,C4P0D6
134,TSNAX-DISC1,C4P0D8
135,TSNAX-DISC1,Q9NRI2
136,DDX50,Q9BQ39
137,ATRNL1,Q5VV63
138,PLEKHA1,Q9HB21
139,PRR5L,Q6MZQ0
140,EXT2,Q93063
141,C11orf49,Q9H6J7
142,ACER3,Q9NUN7
143,FDX1,P10109
144,PPHLN1,Q8NEY8
145,ACTR6,Q9GZN1
146,TMEM263,Q8WUH6
147,CUX2,O14529
148,TCTN2,Q96GX1
149,GPHN,Q9NQX3
150,CYFIP1,Q7L576
151,UBFD1,O14562
152,CHD9,Q3L8U1
153,WWP2,O00308
154,IST1,P53990
155,KAT7,O95251
156,LUC7L3,O95232
157,RAD51C,O43502
158,TBCD,Q9BTW9
159,PIK3C3,Q8NEB9
160,TNFRSF11A,Q9Y6Q6
161,ANKRD24,Q8TF21
162,CATSPERG,Q6ZRH7
163,MAP3K10,Q02779
164,HIF3A,Q9Y2N7
165,CACNG7,P62955
166,DYNC2LI1,Q8TCX1
167,ACYP2,P14621
168,CTNNA2,P26232
169,ELMOD3,Q96FG2
170,PTCD3,Q96EY7
171,GCC2,Q8IWJ2
172,KIF5C,O60282
173,SLC4A10,Q6U841
174,PIKFYVE,Q9Y2I7
175,GIGYF2,Q6Y7W6
176,PANK2,Q9BZ23
177,IFT52,Q9Y366
178,SYS1-DBNDD2,F2Z2A3
179,SYS1-DBNDD2,H3BUS1
180,MED15,Q96RN5
181,L3MBTL2,Q969R5
182,C3orf35,Q8IVJ8
183,ZNF621,Q6ZSS3
184,DNAH1,Q9P2D7
185,CACNA2D3,Q8IZS8
186,SYNPR,Q8TBG9
187,CHMP2B,Q9UQN3
188,GAP43,P17677
189,LARP7,Q4G0J3
190,INTU,Q9ULD6
191,NDUFS4,O43181
192,ZFYVE16,Q7Z3T8
193,ATP6AP1L,Q52LC2
194,TCOF1,Q13428
195,WWC1,Q8IX03
196,FAM153B,P0C7A2
197,ZNF391,Q9UJN7
198,CEP57L1,Q8IYX8
199,TBPL1,P62380
200,STARD3NL,O95772
201,ZNF862,O60290
202,SPIDR,Q14159
203,UBE2V2,Q15819
204,ZC2HC1A,Q96GY0
205,NDUFAF6,Q330K2
206,ZNF696,Q9H7X3
207,FOCAD,Q5VW36
208,ANP32B,Q92688
209,CNTRL,Q7Z7A1
210,KRBOX4,Q5JUW0
211,HPRT1,P00492
212,ZNF449,Q6P9G9
213,RER1,O15258
214,ARHGEF10L,Q9HCE6
215,B4GALT2,O60909
216,OSBPL9,Q96SU4
217,IFI44,Q8TCB0
218,SLC35A3,Q9Y2D2
219,NBPF10,Q6P3W6
220,FAM163A,Q96GL9
221,MARK1,Q9P0L2
222,NEURL1,O76050
223,RCN1,Q15293
224,PAAF1,Q9BRP4
225,CNTN1,Q12860
226,FRS2,Q8WU20
227,PRKAB1,Q9Y478
228,COG6,Q9Y2V7
229,RNASEH2B,Q5TBB1
230,UNC79,Q9P2D8
231,MEF2A,Q02078
232,LCMT1,Q9UIC8
233,VMP1,Q96GC9
234,PRPF31,Q8WWY3
235,USP39,Q53GS9
236,EIF5B,O60841
237,DCAF17,Q5H9S7
238,RPE,Q96AT9
239,CDC42EP1,Q00587
240,NUP50,Q9UKX7
241,GALNT15,Q8N3T1
242,PDCD6IP,Q8WUM4
243,WDR6,Q9NNW5
244,PCCB,P05166
245,MTHFD2L,Q9H903
246,CYFIP2,Q96F07
247,RUFY1,Q96T51
248,PI16,Q6UXB8
249,BCKDHB,P21953
250,CYB5R4,Q7L1T6
251,FAM185A,Q8N0U4
252,SSPO,A2VEC9
253,PCM1,Q15154
254,PPP3CC,P48454
255,CPNE3,O75131
256,ADGRB1,O14514
257,OCRL,Q01968
258,HSD17B7,P56937
259,TTYH1,Q9H313
260,SLX4IP,Q5VYV7
261,SLCO4A1,Q96BD0
262,PIGX,Q8TBF5
263,TRMT44,Q8IYL2
264,SCAMP1,O15126
265,THAP3,Q8WTV1
266,PDPN,Q86YL7
267,IGSF21,Q96ID5
268,PLA2G5,P39877
269,XKR8,Q9H6D3
270,AK5,Q9Y6K8
271,DDX20,Q9UHI6
272,SDHC,Q99643
273,TIMM17A,Q99595
274,TATDN3,Q17R31
275,ARV1,Q9H2C2
276,AKR1C1,Q04828
277,MLLT10,P55197
278,BTRC,Q9Y297
279,MXI1,P50539
280,ILK,Q13418
281,ANO3,Q9BYT9
282,SLC3A2,P08195
283,MRPL48,Q96GC5
284,MED17,Q9NVC6
285,DDX10,Q13206
286,EI24,O14681
287,P3H3,Q8IVL6
288,PPFIBP1,Q86W92
289,CPSF6,Q16630
290,VEZT,Q9HBM0
291,RPH3A,Q9Y2J0
292,DNAH10,Q8IVF4
293,PUS1,Q9Y606
294,UCHL3,P15374
295,DNAJC3,Q13217
296,UBAC2,Q8NBM4
297,RBM25,P49756
298,TUNAR,A0A1B0GTB2
299,SNRPN,P63162
300,APBA2,Q99767
301,GANC,Q8TET4
302,DTWD1,Q8N5C7
303,FBXO22,Q8NEZ5
304,MPV17L,Q2QL34
305,CNEP1R1,Q8N9A8
306,DEF8,Q6ZN54
307,GAS8,O95995
308,SGSM2,O43147
309,SENP3-EIF4A1,A0A087X0R7
310,RHOT1,Q8IXI2
311,WIPF2,Q8TF74
312,MYCBPAP,Q8TBZ2
313,RPS6KB1,P23443
314,SEC11C,Q9BY50
315,PIN1,Q13526
316,FCGRT,P55899
317,NDUFA3,O95167
318,ZNF444,Q8N0Y2
319,FAM228B,P0C875
320,VRK2,Q86Y07
321,GALNT13,Q8IUC8
322,MANBAL,Q9NQG1
323,PABPC1L,Q4VXU2
324,ARFGEF2,Q9Y6D5
325,CHAF1B,Q13112
326,TRAPPC10,P48553
327,DRG1,Q9Y295
328,EIF3L,Q9Y262
329,POLR2F,P61218
330,ARL6IP5,O75915
331,MAATS1,Q7Z4T9
332,STXBP5L,Q9Y2K9
333,ATP2C1,P98194
334,NDUFB5,O43674
335,KLHL24,Q6TFL4
336,PIGG,Q5H8A4
337,TBC1D19,Q8N5T2
338,DCUN1D4,Q92564
339,MOB1B,Q7L9L4
340,NDUFS6,O75380
341,NLN,Q9BYT8
342,MAST4,O15021
343,SLC12A2,P55011
344,NPM1,P06748
345,RMND5B,Q96G75
346,BEND6,Q5SZJ8
347,SMAP1,Q8IYB5
348,ANKRD6,Q9Y2G4
349,RSPH4A,Q5TD94
350,RNF217,Q8TC41
351,ZNF713,Q8N859
352,RABGEF1,Q9UJ41
353,TYW1,Q9NV66
354,DYNC1I1,O14576
355,CNTNAP2,Q9UHC6
356,NEIL2,Q969S2
357,HGSNAT,Q68CP4
358,CA13,Q8N1Q1
359,CPQ,Q9Y646
360,ERCC6L2,Q5T890
361,INVS,Q9Y283
362,CDK16,Q00536
363,COX7B,P24311
364,COL4A5,P29400
365,AGO3,Q9H9G7
366,ST3GAL3,Q11203
367,AMY2B,P19961
368,DISP1,Q96F81
369,IGHMBP2,P38935
370,KCNA6,P17658
371,SLC4A8,Q2Y0W8
372,MON2,Q7Z3U7
373,EXOSC8,Q96B26
374,PIBF1,Q8WXW3
375,STARD9,Q9P2P6
376,CTDSPL2,Q05D32
377,SEMA6D,Q8NFY4
378,UQCRC2,P22695
379,WWOX,Q9NZC7
380,MGAT5B,Q3V5L5
381,DTNA,Q9Y4J8
382,ARMC6,Q6NXE6
383,TMEM182,Q6ZP80
384,CSRNP3,Q8WYN3
385,SMDT1,Q9H4I9
386,MOV10L1,Q9BXT6
387,SLC6A1,P30531
388,SLC38A3,Q99624
389,PKD2,Q13563
390,SDHAF4,Q5VUM1
391,TAX1BP1,Q86VP1
392,ZNF212,Q9UDV6
393,ZNF775,Q96BV0
394,FAM66E,P0C841
395,SLC44A1,Q8WWI5
396,TMEM38B,Q9NVV0
397,RABGAP1,Q9Y3P9
398,CDC123,O75794
399,IQSEC3,Q9UPP2
400,TMEM19,Q96HH6
401,USF2,Q15853
402,RHOQ,P17081
403,PCIF1,Q9H4Z3
404,RNF13,O43567
405,PGBD1,Q96JS3
406,DFFB,O76075
407,SPATS2,Q86XZ4
408,ZNF568,Q3ZCX4
409,BRSK1,Q8TDC3
410,ZNF620,Q6ZNG0
411,LARS2,Q15031
412,ARIH2,O95376
413,PAM,P19021
414,MRPL22,Q9NWU5
415,ADRA1B,P35368
416,RARS,P54136
417,MTO1,Q9Y2Z2
418,RWDD2A,Q9UIY3
419,RUNDC3B,Q96NL0
420,OXR1,Q8N573
421,CROCC,Q5TZA2
422,HTR6,P50406
423,PIGV,Q9NUD9
424,NUDC,Q9Y266
425,MANEAL,Q5VSG8
426,ZMPSTE24,O75844
427,NFYC,Q13952
428,MPL,P40238
429,KDM4A,O75164
430,DNAJC6,O75061
431,LRRC8B,Q6P9F7
432,EPHX4,Q8IUS5
433,MOV10,Q9HCE1
434,GABPB2,Q8TAK5
435,DAP3,P51398
436,GPR137B,O60478
437,RYR2,Q92736
438,CHRM3,P20309
439,SAMD8,Q96LT4
440,RGR,P47804
441,PTEN,P60484
442,EXOC6,Q8TAG9
443,GOLGA7B,Q2TAP0
444,NOLC1,Q14978
445,GSTO1,P78417
446,WDR11,Q9BZH6
447,PWWP2B,Q6NUJ5
448,ANO5,Q75V66
449,PPP6R3,Q5H9R7
450,PLEKHB1,Q9UF11
451,CEP126,Q9P2H0
452,PTS,Q03393
453,ANKK1,Q8NFD2
454,OAF,Q86UD1
455,CCDC77,Q9BR77
456,FAR2,Q96K12
457,LRRK2,Q5S007
458,TNS2,Q63HR2
459,RAP1B,P61224
460,RAB3IP,Q96QF0
461,CNOT2,Q9NZN8
462,OTOGL,Q3ZCN5
463,ANO4,Q32M45
464,RNFT2,Q96EX2
465,MMP17,Q9ULZ9
466,DNAJC15,Q9Y5T4
467,FAM124A,Q86V42
468,TM9SF2,Q99805
469,SCFD1,Q8WVM8
470,CGRRF1,Q99675
471,ZNF410,Q86VK4
472,LIN52,Q52LA3
473,TTLL5,Q6EMB2
474,ADCK1,Q86TW2
475,SPATA7,Q9P0W8
476,PPP4R4,Q6NUP7
477,TECPR2,O15040
478,MTA1,Q13330
479,TEX9,Q8N6V9
480,PSTPIP1,O43586
481,GDPGP1,Q6ZNW5
482,ABAT,P80404
483,SNX29,Q8TEQ0
484,HS3ST2,Q9Y278
485,NDRG4,Q9ULP0
486,USP10,Q14694
487,CCDC144CP,Q8IYA2
488,NPEPPS,P55786
489,MSI2,Q96DH6
490,RBBP8,Q99708
491,CTIF,O43310
492,ATP9B,O43861
493,MADCAM1,Q13477
494,FZR1,Q9UM11
495,CCDC130,P13994
496,CRTC1,Q6UUV9
497,ZNF254,O75437
498,ZNF284,Q2VY69
499,TRAPPC12,Q8WVT3
500,ASAP2,O43150
501,RMDN2,Q96LZ7
502,ALMS1,Q8TCU4
503,ANKRD36,A6QL64
504,MERTK,Q12866
505,CBWD2,Q8IUF1
506,FMNL2,Q96PY5
507,FAM171B,Q6P995
508,INPP1,P49441
509,PTH2R,P49190
510,GPR35,Q9HC97
511,ING5,Q8WYH8
512,SMOX,Q9NWM0
513,KIZ,Q2M2Z5
514,TM9SF4,Q92544
515,RPN2,P04844
516,FAM209B,Q5JX69
517,TPD52L2,O43399
518,USP16,Q9Y5T5
519,KCTD17,Q8N5Z5
520,SLC6A11,P48066
521,DZIP3,Q86Y13
522,FAM162A,Q96A26
523,NEK11,Q8NG66
524,TRPC1,P48995
525,MFSD1,Q9H3U5
526,SENP2,Q9HC62
527,SLC30A9,Q6PML9
528,PDGFRA,P16234
529,SRP72,O76094
530,CCSER1,Q9C0I3
531,KIAA1109,Q2LD37
532,ETFDH,Q16134
533,CPE,P16870
534,FRG1,Q14331
535,ICE1,Q9Y2F5
536,ZNF131,P52739
537,NNT,Q13423
538,THBS4,P35443
539,UBE2B,P63146
540,CTNNA1,P35221
541,IK,Q13123
542,GRIA1,P42261
543,CPLX2,Q6PUV4
544,UBR2,Q8IWV8
545,ABCC10,Q5T3U5
546,EFHC1,Q5JVL4
547,ORC3,Q9UBD5
548,TSTD3,H0UI37
549,GRIK2,Q13002
550,NT5DC1,Q5TFE4
551,C1GALT1,Q9NS00
552,AVL9,Q8NBF6
553,RALA,P11233
554,LANCL2,Q9NS86
555,ZNF138,P52744
556,POM121,Q96HA1
557,CROT,Q9UKG9
558,ARPC1B,O15143
559,BUD31,P41223
560,AP4M1,O00189
561,KMT2E,Q8IZD2
562,ST7,Q9NRC1
563,AHCYL2,Q96HN2
564,TUSC3,Q13454
565,PPP2R2A,P63151
566,CSPP1,Q1MSJ5
567,PKIA,P61925
568,RIPK2,O43353
569,DENND3,A2RUS2
570,RIC1,Q4ADV7
571,CHMP5,Q9NZZ3
572,ANKRD18B,A2A2Z9
573,TRMT10B,Q6PF06
574,HABP4,Q5JVS0
575,LHX2,P50458
576,NTNG2,Q96CW9
577,CCDC183,Q5T5S1
578,TMCC2,O75069
579,GALNT2,Q10471
580,WDR64,B1ANS9
581,CCNY,Q8ND76
582,DNAJC24,Q6P3W2
583,SDHAF2,Q9NX18
584,SPCS2,Q15005
585,EED,O75530
586,TBK1,Q9UHD2
587,YLPM1,P49750
588,CHRNA7,P36544
589,CORO2B,Q9UQ03
590,ZNF720,Q7Z2F6
591,LPCAT2,Q7L5N7
592,BANP,Q8N9N5
593,UBR3,Q6ZT12
594,CREB1,P16220
595,SYNDIG1,Q9H7V2
596,DDX27,Q96GQ7
597,AP1AR,Q63HQ0
598,SLC25A48,Q6ZT89
599,FAM120B,Q96EK7
600,GARS,P41250
601,RINT1,Q6NUQ1
602,ATP6V1F,Q16864
603,SPIN1,Q9Y657
604,FRMPD4,Q14CM0
605,LMNA,P02545
606,C11orf80,Q8N6T0
607,HADHB,P55084
608,PRKCZ,Q05513
609,AZIN2,Q96A70
610,PRKACB,P22694
611,REEP3,Q6NUK4
612,C11orf58,O00193
613,NCKAP1L,P55160
614,PHF11,Q9UIL8
615,ARHGEF7,Q14155
616,CHD2,O14647
617,SGF29,Q96ES7
618,NT5M,Q9NPB1
619,ASPSCR1,Q9BZE9
620,PPP1CB,P62140
621,NCK2,O43639
622,SLC20A1,Q8WUM9
623,DPP10,Q8N608
624,DDX18,Q9NVP1
625,DYNC1I2,Q13409
626,ACSS2,Q9NR19
627,OGG1,O15527
628,GRAMD1C,Q8IYS0
629,NWD2,Q9ULI1
630,WDR19,Q8NEZ3
631,PAICS,P22234
632,WWC2,Q6AWC2
633,VPS50,Q96JG6
634,ARMC10,Q8N2F6
635,PTPDC1,A2A3K4
636,TARDBP,Q13148
637,MAST2,Q6P0Q8
638,POU2F1,P14859
639,FBXO28,Q9NVF7
640,SYT9,Q86SS6
641,DYNC2H1,Q8NCM8
642,NTM,Q9P121
643,TMEM117,Q9H0C3
644,DYNLL1,P63167
645,PCCA,P05165
646,RNF31,Q96EP0
647,MIPOL1,Q8TD10
648,KIAA0586,Q9BVV6
649,PSEN1,P49768
650,VASH1,Q7L8A9
651,RAB8B,Q92930
652,ARIH1,Q9Y4X5
653,WHAMM,Q8TF30
654,DDX19A,Q9NUU7
655,XAF1,Q6GPH4
656,KMT2B,Q9UMN6
657,TTC27,Q6P3X3
658,ACTR3,P61158
659,ARL6IP6,Q8N6S5
660,PHF20,Q9BVI0
661,EDN3,P14138
662,PPARA,Q07869
663,LMCD1,Q9NZU5
664,SMIM20,Q8N5G0
665,ATP10D,Q9P241
666,ADGRL3,Q9HAR2
667,FAM47E-STBD1,D6RA91
668,FAM47E-STBD1,F6W5V1
669,C4orf33,Q8N1A6
670,CKMT2,P17540
671,DAAM2,Q86T65
672,FAM135A,Q9P2D6
673,UTRN,P46939
674,IQCE,Q6IPM2
675,ANLN,Q9NQW6
676,PTPRZ1,P23471
677,NUP205,Q92621
678,HMBOX1,Q6NT76
679,TMEM67,Q5HYA8
680,INTS8,Q75QN2
681,HGH1,Q9BTY7
682,ZSWIM8,A7E2V4
683,SLCO1C1,Q9NYB5
684,MAP4K4,O95819
685,CARF,Q8N187
686,RAMP1,O60894
687,PLCB4,Q15147
688,ABCG1,P45844
689,ATXN10,Q9UBB4
690,PLS1,Q14651
691,KPNA5,O15131
692,EXOC4,Q96A65
693,RALYL,Q86SE5
694,SMARCA2,P51531
695,MRRF,Q96E11
696,FAAH2,Q6GMR7
697,MTM1,Q13496
698,RGL1,Q9NZL6
699,PLA2G4A,P47712
700,CNIH3,Q8TBE1
701,EDRF1,Q3B7T1
702,MDM2,Q00987
703,METAP2,P50579
704,NEDD1,Q8NHV4
705,RIC8B,Q9NVN3
706,ZNF268,Q14587
707,WASF3,Q9UPY6
708,SERP2,Q8N6R1
709,AKAP6,Q13023
710,ACTR10,Q9NZ32
711,UNC45A,Q9H3U1
712,RABEP1,Q15276
713,TLK2,Q86UE8
714,SMCHD1,A6NHR9
715,PLEKHH2,Q8IVE3
716,C2orf15,Q8WU43
717,PTPN4,P29074
718,ACTR5,Q9H9F9
719,RTEL1-TNFRSF6B,D6RA96
720,PCNT,O95613
721,MGAT3,Q09327
722,ADSL,P30566
723,NISCH,Q9Y2I1
724,USP13,Q92995
725,ARFIP1,P53367
726,WDR17,Q8IZU2
727,SIMC1,Q8NDZ2
728,HDAC9,Q9UKV0
729,PPIA,P62937
730,TBC1D12,O60347
731,SPATA13,Q96N96
732,TRMT61A,Q96FX7
733,KNSTRN,Q9Y448
734,TADA2A,O75478
735,CEP95,Q96GE4
736,NCAN,O14594
737,TTLL4,Q14679
738,CEP44,Q9C0F1
739,KLKB1,P03952
740,ADAM9,Q13443
741,XKR9,Q5GH70
742,DNM1,Q05193
743,PRRC2B,Q5JSZ5
744,CMPK1,P30085
745,SGIP1,Q9BQI5
746,LRRC7,Q96NW7
747,KIF1BP,Q96EK5
748,SMC3,Q9UQE7
749,PDHX,O00330
750,ETNK1,Q9HBU6
751,ANO6,Q4KMQ2
752,USP15,Q9Y4E8
753,ZDHHC17,Q8IUH5
754,NOC4L,Q9BVI4
755,PAN3,Q58A45
756,NBEA,Q8NFP9
757,SUGT1,Q9Y2Z0
758,GNG2,P59768
759,RCN2,Q14257
760,FAM234A,Q9H0X4
761,NKD1,Q969G9
762,SYCE1L,A8MT33
763,ARSG,Q96EG1
764,MYO15B,Q96JP2
765,BAIAP2,Q9UQB8
766,EMILIN2,Q9BXX0
767,PRKCSH,P14314
768,COLGALT1,Q8NBJ5
769,ZNF90,Q03938
770,FXYD7,P58549
771,MARK4,Q96L34
772,ZNF8,P17098
773,RAB10,P61026
774,RANBP2,P49792
775,PDK1,Q15118
776,CPS1,P31327
777,RNF114,Q9Y508
778,INPP5J,Q15735
779,ARPC4-TTLL3,A0A0A6YYG9
780,ARPC4-TTLL3,F8WCF6
781,ARPC4-TTLL3,F8WE39
782,ARPC4-TTLL3,H7C0A3
783,TSEN2,Q8NCE0
784,ACKR2,O00590
785,ZBTB38,Q8NAP3
786,SERPINI1,Q99574
787,RPL35A,P18077
788,ANXA3,P12429
789,PDLIM5,Q96HC4
790,METTL14,Q9HCE5
791,NAA15,Q9BXJ9
792,SQSTM1,Q13501
793,FBXO9,Q9UK97
794,AIG1,Q9NVV5
795,TACC1,O75410
796,UHRF2,Q96PU4
797,C9orf85,Q96MD7
798,GALNT12,Q8IXK2
799,MAGED1,Q9Y5V3
800,DNM3,Q9UQ16
801,SFXN2,Q96NB2
802,LAMA3,Q16787
803,BCKDHA,P12694
804,TTC7A,Q9ULT0
805,PILRB,Q9UKJ0
806,MAL2,Q969L2
807,PAK3,O75914
808,UBE4B,O95155
809,THRAP3,Q9Y2W1
810,PTBP2,Q9UKA9
811,RAP1A,P62834
812,SLC22A15,Q8IZD6
813,NBPF20,P0DPF2
814,PPOX,P50336
815,TOR1AIP1,Q5JTV8
816,CSGALNACT2,Q8N6G5
817,MYRF,Q9Y2G1
818,PACS1,Q6VY07
819,ERC1,Q8IUD2
820,ATF7IP,Q6VMQ6
821,MRPS35,P82673
822,TMTC3,Q6ZXV5
823,FBXW8,Q8N3Y1
824,BRCA2,P51587
825,TPP2,P29144
826,FAM177A1,Q8N128
827,TMEM260,Q9NX78
828,ARID4A,P29374
829,FUT8,Q9BYC5
830,MARK3,P27448
831,ZFYVE19,Q96K21
832,TCF12,Q99081
833,MAP2K5,Q13163
834,ADAMTSL3,P82987
835,TSC2,P49815
836,SH2B1,Q9NRF2
837,ZFP1,Q6P2D0
838,CDH13,P55290
839,NECAB2,Q7Z6G3
840,GGNBP2,Q9H3C7
841,RUNDC3A,Q59EK9
842,TANC2,Q9HCD6
843,VAPA,Q9P0L0
844,FHOD3,Q2V2M9
845,GPI,P06744
846,TBCB,Q99426
847,CYP2G1P,Q6ZSU1
848,POLD1,P28340
849,ZNF512,Q96ME7
850,LBH,Q53QV2
851,CAMKMT,Q7Z624
852,ACTR2,P61160
853,UBXN4,Q92575
854,DNAJC10,Q8IXB1
855,CRLS1,Q9UJA2
856,CFAP61,Q8NHU2
857,PYGB,P11216
858,RBM11,P57052
859,BACE2,Q9Y5Z0
860,MX1,P20591
861,SFI1,A8K8P3
862,SLMAP,Q14BN4
863,NCK1,P16333
864,LRCH3,Q96II8
865,SEC24B,O95487
866,MGST2,Q99735
867,STK31,Q9BXU1
868,ZSCAN21,Q9Y5A6
869,VPS37A,Q8NEZ2
870,ADAM28,Q9UKQ2
871,ELP3,Q9H9T3
872,FZD3,Q9NPG1
873,GLIPR2,Q9H4G4
874,GSN,P06396
875,CCDC22,O60826
876,STARD8,Q92502
877,SH3BGRL,O75368
878,CENPI,Q92674
879,NSDHL,Q15738
880,VBP1,P61758
881,GLIPR1L2,Q4G1C9
882,FLYWCH1,Q4VC44
883,MAP2,P11137
884,ANO7,Q6IWH7
885,DYNLRB1,Q9NP97
886,DLGAP4,Q9Y2H0
887,TCAIM,Q8N3R3
888,ESYT3,A0FGR9
889,CDC7,O00311
890,TEX26,Q8N6G2
891,ABTB1,Q969K4
892,KHDRBS3,O75525
893,UVRAG,Q9P2Y5
894,ARHGEF12,Q9NZN5
895,PHC1,P78364
896,RBMS2,Q15434
897,ADCY7,P51828
898,KIAA1328,Q86T90
899,MAPK4,P31152
900,ARFGAP1,Q8N6T3
901,GMPS,P49915
902,GUSBP1,Q15486
903,C5orf22,Q49AR2
904,TCERG1,O14776
905,PPARD,Q03181
906,CCDC28A,Q8IWP9
907,DNAJB6,O75190
908,NPM2,Q86SE8
909,BNIP3L,O60238
910,IDNK,Q5T6J7
911,TMOD1,P28289
912,RAB18,Q9NP72
913,WAC,Q9BTA9
914,MADD,Q8WXG6
915,NADSYN1,Q6IA69
916,OTOA,Q7RTW8
917,NFATC3,Q12968
918,NAGLU,P54802
919,ZNF226,Q9NYT6
920,MTA3,Q9BTC8
921,CFAP36,Q96G28
922,CHODL,Q9H9P2
923,TRNT1,Q96Q11
924,P4HTM,Q9NXG6
925,PALLD,Q8WX93
926,CLCN3,P51790
927,ZNF451,Q9Y4E5
928,XK,P51811
929,CCDC18,Q5T9S5
930,STAM,Q92783
931,MSRB2,Q9Y3D2
932,MICAL2,O94851
933,ASIC1,P78348
934,LARP4,Q71RC2
935,ERP29,P30040
936,DAAM1,Q9Y4D1
937,NUP93,Q8N1F7
938,PDP2,Q9P2J9
939,KLF3,P57682
940,SMARCA5,O60264
941,NPY5R,Q15761
942,ITPR3,Q14573
943,FNIP2,Q9P278
944,PAPSS2,O95340
945,USP47,Q96K76
946,WDR66,Q8TBY9
947,WDR75,Q8IWA0
948,SNX24,Q9Y343
949,GALNT10,Q86SR1
950,FTSJ1,Q9UET6
951,NHSL2,Q5HYW2
952,PSTK,Q8IV42
953,LACC1,Q8IV20
954,EIF2AK4,Q9P2K8
955,CHP1,Q99653
956,LRRC28,Q86X40
957,GNAO1,P09471
958,ARHGAP44,Q17R89
959,CALCOCO2,Q13137
960,FAM32A,Q9Y421
961,ZNF431,Q8TF32
962,SCN1B,Q07699
963,LPIN1,Q14693
964,SEC23B,Q15437
965,PRKCD,Q05655
966,PODXL2,Q9NZ53
967,IDUA,P35475
968,ZBTB49,Q6ZSB9
969,UBE2K,P61086
970,OCIAD1,Q9NX40
971,KCTD20,Q7Z5Y7
972,WWP1,Q9H0M0
973,EDA,Q92838
974,GABRB1,P18505
975,CCT2,P78371
976,MAPK1IP1L,Q8NDC0
977,PARP8,Q8N3A8
978,C8orf44-SGK3,Q96BR1
979,PPFIA4,O75335
980,FMN2,Q9NZ56
981,CARNS1,A5YM72
982,TPCN2,Q8NHX9
983,RNF121,Q9H920
984,HTR3B,O95264
985,GRIK4,Q16099
986,YEATS4,O95619
987,USP30,Q70CQ3
988,MTUS2,Q5JR59
989,NUBPL,Q8TB37
990,CHURC1-FNTB,B4DL54
991,CHURC1-FNTB,H0YIM3
992,CHURC1-FNTB,H0YIM9
993,CHURC1-FNTB,H0YJ25
994,IFI27L1,Q96BM0
995,SMAD3,P84022
996,UBE2Q2,Q8WVN8
997,PDXDC1,Q6P996
998,PRPSAP2,O60256
999,DOK6,Q6PKX4
1000,IAH1,Q2TAA2
1001,CRIM1,Q9NZV1
1002,DNAH6,Q9C0G6
1003,MRPS9,P82933
1004,CCDC138,Q96M89
1005,FBLN7,Q53RD9
1006,PRNP,F7VJQ1
1007,PRNP,P04156
1008,DIP2A,Q14689
1009,TAB1,Q15750
1010,MAP3K13,O43283
1011,MAN2B2,Q9Y2E5
1012,NFKB1,P19838
1013,NIM1K,Q8IY84
1014,NDST1,P52848
1015,NSD1,Q96L73
1016,TBC1D22B,Q9NU19
1017,MRAP2,Q96G30
1018,KIF25,Q9UIL4
1019,TSPAN13,O95857
1020,ACTR3B,Q9P1U1
1021,STXBP1,P61764
1022,TBC1D15,Q8TC07
1023,ILF3,Q12906
1024,CEP250,Q9BV73
1025,ATG7,O95352
1026,PHF14,O94880
1027,TRIM32,Q13049
1028,DCAF6,Q58WW2
1029,PPFIBP2,Q8ND30
1030,ARNTL,O00327
1031,MCF2L,O15068
1032,IFT43,Q96FT9
1033,INF2,Q27J81
1034,CASC4,Q6P4E1
1035,BLM,P54132
1036,NLK,Q9UBE8
1037,EVC,P57679
1038,PLS3,P13797
1039,SNX7,Q9UNH6
1040,GPR158,Q5T848
1041,CCSER2,Q9H7U1
1042,WBP1L,Q9NX94
1043,KLC2,Q9H0B6
1044,METTL25,Q8N6Q8
1045,TDG,Q13569
1046,SRSF5,Q13243
1047,DUS2,Q9NX74
1048,ADORA2B,P29275
1049,PSMG2,Q969U7
1050,LSM14A,Q8ND56
1051,PMS1,P54277
1052,MFSD6,Q6ZSS7
1053,NOP58,Q9Y2X3
1054,PSMD1,Q99460
1055,RALGAPB,Q86X10
1056,CACNA1I,Q9P0X4
1057,RASA2,Q15283
1058,ZNF141,Q15928
1059,CWH43,Q9H720
1060,RUFY3,Q7L099
1061,PRIMPOL,Q96LW4
1062,SFXN1,Q9H9B4
1063,HTR1E,P28566
1064,SNTG1,Q9NSN8
1065,SMC5,Q8IY18
1066,SYT14,Q8NB59
1067,MGAT5,Q09328
1068,SPECC1L,Q69YQ0
1069,PPCS,Q9HAB8
1070,MSH4,O15457
1071,MARCH1,Q8TCQ1
1072,EFCAB2,Q5VUJ9
1073,OR2L13,Q8N349
1074,STIM1,Q13586
1075,RAB21,Q9UL25
1076,FRY,Q5TBA9
1077,PARP2,Q9UGN5
1078,SNX29P2,Q8IUI4
1079,ZNF471,Q9BX82
1080,PTPRA,P18433
1081,NCAM2,O15394
1082,SGSM1,Q2NKQ1
1083,SAMM50,Q9Y512
1084,DOCK3,Q8IZD9
1085,EEFSEC,P57772
1086,RAB7A,P51149
1087,DNAJC21,Q5F1R6
1088,LARP1,Q6PKG0
1089,ADGRB3,O60242
1090,C7orf26,Q96N11
1091,VPS13A,Q96RL7
1092,ZNF157,P51786
1093,FAM20B,O75063
1094,IPO7,O95373
1095,MRPL42,Q9Y6G3
1096,METTL22,Q9BUU2
1097,SPNS1,Q9H2V7
1098,TBC1D1,Q86TI0
1099,ADGRV1,Q8WXG9
1100,CAST,P20810
1101,ZFAND3,Q9H8U3
1102,RPL7L1,Q6DKI1
1103,KCNQ5,Q9NR82
1104,DPYSL2,Q16555
1105,DCAF13,Q9NV06
1106,TBC1D31,Q96DN5
1107,SWT1,Q5T5J6
1108,CD46,P15529
1109,RPS6KC1,Q96S38
1110,RET,P07949
1111,CNNM2,Q9H8M5
1112,PDCD11,Q14690
1113,SIPA1,Q96FS4
1114,CAND1,Q86VP6
1115,ANKRD13A,Q8IZ07
1116,RGS6,P49758
1117,CD276,Q5ZPR3
1118,GLIS2,Q9BZE0
1119,PDK2,Q15119
1120,LLGL2,Q6P1M3
1121,SEH1L,Q96EE3
1122,CNN2,Q99439
1123,MARCH2,Q9P0N8
1124,FASTKD2,Q9NYY8
1125,UNC80,Q8N2C7
1126,SPAG16,Q8N0X2
1127,CD40,P25942
1128,NCOA3,Q9Y6Q9
1129,LSM14B,Q9BX40
1130,USP25,Q9UHP3
1131,MARCH6,O60337
1132,ATG10,Q9H0Y0
1133,CDKAL1,Q5VV42
1134,RNF8,O76064
1135,LINC00271,P0C7V0
1136,IRF5,Q13568
1137,SLC25A37,Q9NYZ2
1138,PHF20L1,A8MW92
1139,FKTN,O75072
1140,HEPH,Q9BQS7
1141,CHIC1,Q5VXU3
1142,CD4,P01730
1143,PYROXD1,Q8WU10
1144,APAF1,O14727
1145,PRPF39,Q86UA1
1146,VRK1,Q99986
1147,DNAAF1,Q8NEP3
1148,EMID1,Q96A84
1149,CHL1,O00533
1150,PIK3CA,P42336
1151,RBM27,Q9P2N5
1152,MTBP,Q96DY7
1153,KANK1,Q14678
1154,ZBTB43,O43298
1155,ZFX,P17010
1156,ATP7A,Q04656
1157,ALG13,Q9NP73
1158,RAVER2,Q9HCJ3
1159,TNKS2,Q9H2K2
1160,PI4K2A,Q9BTU6
1161,PHRF1,Q9P1Y6
1162,ZMYM2,Q9UBW7
1163,GTF2F2,P13984
1164,PHLPP1,O60346
1165,ZNF589,Q86UQ0
1166,SORCS2,Q96PQ0
1167,DCK,P27707
1168,SUB1,P53999
1169,MAGED2,Q9UNF1
1170,MAMLD1,Q13495
1171,HOOK1,Q9UJC3
1172,ADK,P55263
1173,FAR1,Q8WVX9
1174,PRDM11,Q9NQV5
1175,SLC22A9,Q8IVM8
1176,DRAM1,Q8N682
1177,SETDB2,Q96T68
1178,LGALS3,P17931
1179,MRPL4,Q9BYD3
1180,PGLS,O95336
1181,NCOA1,Q15788
1182,EML6,Q6ZMW3
1183,ARHGAP25,P42331
1184,PLCL1,Q15111
1185,RBCK1,Q9BYM8
1186,CHMP4B,Q9H444
1187,CNTN6,Q9UQ52
1188,UBE2E1,P51965
1189,KALRN,O60229
1190,IPO11,Q9UI26
1191,ADAMTS19,Q8TE59
1192,VKORC1L1,Q8N0U8
1193,GAPVD1,Q14C86
1194,C9orf16,Q9BUW7
1195,RNF220,Q5VTB9
1196,UQCRH,P07919
1197,DNAH14,Q0VDD8
1198,ACADSB,P45954
1199,ARID2,Q68CP9
1200,IFT88,Q13099
1201,BRMS1L,Q5PSV4
1202,SLC5A11,Q8WWX8
1203,ZNF276,Q8N554
1204,PRR29,P0C7W0
1205,RAB27B,O00194
1206,SNX25,Q9H3E2
1207,C5orf64,Q2M2E5
1208,RASA1,P20936
1209,INMT,O95050
1210,PHTF2,Q8N3S3
1211,USP20,Q9Y2K6
1212,FKBP10,Q96AY3
1213,URI1,O94763
1214,TNFRSF1B,P20333
1215,PPM1B,O75688
1216,OXSR1,O95747
1217,ACO1,P21399
1218,VAMP3,Q15836
1219,SZRD1,Q7Z422
1220,AMPD3,Q01432
1221,CYP46A1,Q9Y6A2
1222,PIGL,Q9Y2B2
1223,TMEM43,Q9BTV4
1224,CELF2,O95319
1225,USP35,Q9P2H5
1226,ACAT1,P24752
1227,TMTC2,Q8N394
1228,PDS5B,Q9NTI5
1229,WBP4,O75554
1230,NEO1,Q92859
1231,SPIRE2,Q8WWL2
1232,DNAH9,Q9NYC9
1233,SPECC1,Q5M775
1234,CNDP1,Q96KN2
1235,STAMBP,O95630
1236,HAT1,O14929
1237,TRPM2,O94759
1238,CYTH4,Q9UIA0
1239,TPRXL,Q17RH7
1240,IFT122,Q9HBG6
1241,FYTTD1,Q96QD9
1242,NDUFAF2,Q8N183
1243,ZNF815P,A8K554
1244,ANKIB1,Q9P2G1
1245,IFRD1,O00458
1246,MTF2,Q9Y483
1247,CFHR4,Q92496
1248,LGALS8,O00214
1249,TMEM151A,Q8N4L1
1250,CTTN,Q14247
1251,ZNF740,Q8NDX6
1252,CRADD,P78560
1253,RBFOX1,Q9NWB1
1254,NEDD4L,Q96PU5
1255,ZNF236,Q9UL36
1256,PRMT1,Q99873
1257,NIF3L1,Q9GZT8
1258,CABIN1,Q9Y6J0
1259,KBTBD12,Q3ZCT8
1260,UBA5,Q9GZZ9
1261,SPEF2,Q9C093
1262,YTHDC2,Q9H6S0
1263,RAMP3,O60896
1264,FDFT1,P37268
1265,LRRCC1,Q9C099
1266,EIF2S1,P05198
1267,C1QA,P02745
1268,ZFYVE9,O95405
1269,MPZL1,O95297
1270,UNC5B,Q8IZJ1
1271,NLRC5,Q86WI3
1272,DHX40,Q8IX18
1273,HMSD,A8MTL9
1274,HMSD,P0C7T4
1275,SPOPL,Q6IQ16
1276,GAL3ST2,Q9H3Q3
1277,BBX,Q8WY36
1278,TAB2,Q9NYJ8
1279,RHBDD2,Q6NTF9
1280,GRM3,Q14832
1281,DUS4L,O95620
1282,NRF1,Q16656
1283,C1S,P09871
1284,GSTZ1,O43708
1285,ATF7IP2,Q5U623
1286,CACNG6,Q9BXT2
1287,C2orf74,A8MZ97
1288,GMCL1,Q96IK5
1289,RABL2A,Q9UBK7
1290,TRAF3IP1,Q8TDR0
1291,CDH26,Q8IXH8
1292,TRMU,O75648
1293,MLH1,P40692
1294,BMPR1B,O00238
1295,RWDD1,Q9H446
1296,RIMS2,Q9UQ26
1297,LRRIQ1,Q96JM4
1298,ALDH2,P05091
1299,GLCE,O94923
1300,PDE8A,O60658
1301,CDH5,P33151
1302,ZFP90,Q8TF47
1303,ME2,P23368
1304,UBE2E3,Q969T4
1305,HEXB,P07686
1306,UNC5A,Q6ZN44
1307,OGDH,Q02218
1308,OSTF1,Q92882
1309,PCDH11Y,Q9BZA8
1310,TRAF5,O00463
1311,CMAS,Q8NFW8
1312,NF1,P21359
1313,RAPGEF4,Q8WZA2
1314,ZNF804A,Q7Z570
1315,NIT2,Q9NQR4
1316,ST6GAL1,P15907
1317,PARM1,Q6UWI2
1318,PAIP2,Q9BPZ3
1319,PACSIN1,Q9BY11
1320,DSE,Q9UL01
1321,ABRACL,Q9P1F3
1322,UMAD1,C9J7I0
1323,CA5BP1,Q8WTZ4
1324,CCDC30,Q5VVM6
1325,CACNB2,Q08289
1326,PDE4B,Q07343
1327,CCDC84,Q86UT8
1328,GALNT16,Q8N428
1329,WDR83,Q9BRX9
1330,CEACAM19,Q7Z692
1331,COMMD1,Q8N668
1332,SP100,P23497
1333,RBM6,P78332
1334,TF,P02787
1335,RBPJ,Q06330
1336,BDP1,A6H8Y1
1337,GABRG2,P18507
1338,RAB32,Q13637
1339,ZDHHC14,Q8IZN3
1340,DBF4,Q9UBU7
1341,BEAN1,Q3B7T3
1342,MAPRE3,Q9UPY8
1343,EIF2A,Q9BY44
1344,PPWD1,Q96BP3
1345,RASGRF2,O14827
1346,NLGN4Y,Q8NFZ3
1347,ZNF324B,Q6AW86
1348,CCNT2,O60583
1349,GALNT7,Q86SF2
1350,CPT2,P23786
1351,RAD51AP1,Q96B01
1352,GPR137C,Q8N3F9
1353,GTF2H2C,Q6P1K8
1354,TMCO3,Q6UWJ1
1355,ZNF623,O75123
1356,ZCCHC7,Q8N3Z6
1357,IPO5,O00410
1358,TUBGCP5,Q96RT8
1359,C2orf69,Q8N8R5
1360,DDX25,Q9UHL0
1361,PLCG1,P19174
1362,PCMT1,P22061
1363,LRRC8D,Q7L1W4
1364,EFNA3,P52797
1365,KIAA0232,Q92628
1366,RNF11,Q9Y3C5
1367,CTDP1,Q9Y5B0
1368,RRP15,Q9Y3B9
1369,PPP2R5A,Q15172
1370,ATM,Q13315
1371,PPP1R7,Q15435
1372,CCNL2,Q96S94
1373,MRPL20,Q9BYC9
1374,ALDH4A1,P30038
1375,AHDC1,Q5TGY3
1376,MECR,Q9BV79
1377,ZBTB8OS,Q8IWT0
1378,PHTF1,Q9UMS5
1379,CSDE1,O75534
1380,GDAP2,Q9NXN4
1381,STX6,O43752
1382,UCHL5,Q9Y5K5
1383,LRRN2,O75325
1384,TARBP1,Q13395
1385,GDI2,P50395
1386,CCDC3,Q9BQI4
1387,TIMM23,O14925
1388,FRA10AC1,Q70Z53
1389,MMS19,Q96T76
1390,DENND5A,Q6IQ26
1391,FBXO3,Q9UK99
1392,FOLH1,Q04609
1393,ME3,Q16798
1394,CCDC82,Q8N4S0
1395,TMPRSS5,Q9H3S3
1396,KIRREL3,Q8IZU9
1397,DDX23,Q9BUQ8
1398,PPP1R1A,Q13522
1399,NDUFA12,Q9UI09
1400,COQ5,Q5HYK3
1401,DIABLO,Q9NR28
1402,MTRF1,O75570
1403,ESD,P10768
1404,DLEU7,Q6UYE1
1405,DZIP1,Q86YF9
1406,RBM23,Q86U06
1407,TXNDC16,Q9P2K2
1408,HERC2P3,Q9BVR0
1409,NIPA2,Q8N8Q9
1410,ANKS3,Q6ZW76
1411,NOMO2,Q5JPE7
1412,SHCBP1,Q8NEM2
1413,C16orf87,Q6PH81
1414,BBS2,Q9BXC9
1415,FAM192A,Q9GZU8
1416,CNOT1,A5YKK6
1417,CMC2,Q9NRP2
1418,MVD,P53602
1419,DBNDD1,Q9H9R9
1420,ZSWIM7,Q19AV6
1421,POLDIP2,Q9Y2S7
1422,SDF2,Q99470
1423,HDAC5,Q9UQL6
1424,JMJD6,Q6NYC1
1425,SMAD2,Q15796
1426,SUGP2,Q8IX01
1427,ZNF781,Q8N8C0
1428,SIRT2,Q8IXJ6
1429,FBL,P22087
1430,TTC9B,Q8N6N2
1431,MYPOP,Q86VE0
1432,FUZ,Q9BT04
1433,PPP6R1,Q9UPN7
1434,SMC6,Q96SB8
1435,XPO1,O14980
1436,WDPCP,O95876
1437,RNF103-CHMP3,A0A140T963
1438,ACVR1,Q04771
1439,CHN1,P15882
1440,SUMO1,P63165
1441,C2orf80,Q0P641
1442,THAP4,Q8WY91
1443,DTYMK,P23919
1444,DPM1,O60762
1445,HLCS,P50747
1446,LSS,P48449
1447,C1QTNF6,Q9BXI9
1448,TBC1D5,Q92609
1449,ANO10,Q9NW15
1450,RHOA,P61586
1451,ZNF717,Q9BY31
1452,STX19,Q8N4C7
1453,B4GALT4,O60513
1454,ATR,Q13535
1455,APOD,P05090
1456,BDH1,Q02338
1457,LDB2,O43679
1458,ARAP2,Q8WZ64
1459,CENPC,Q03188
1460,C4orf36,Q96KX1
1461,RNF175,Q8N4F7
1462,REEP5,Q00765
1463,FEM1C,Q96JP0
1464,H2AFY,O75367
1465,LARS,Q9P2J5
1466,FAM193B,Q96PV7
1467,KHDRBS2,Q5VWX1
1468,ME1,P48163
1469,PPIL6,Q8IXY8
1470,FYN,P06241
1471,SOGA3,Q5TF21
1472,SHPRH,Q149N8
1473,MICALL2,Q8IY33
1474,PSPH,P78330
1475,BCL7B,Q9BQE9
1476,SLC25A40,Q8TBP6
1477,TAF6,P49848
1478,NRCAM,Q92823
1479,ERICH1,Q86X53
1480,PNMA2,Q9UL42
1481,MRPL13,Q9BYD1
1482,ATAD2,Q6PL18
1483,VPS28,Q9UK41
1484,CBWD1,Q9BRT8
1485,KIF27,Q86VH2
1486,AUH,Q13825
1487,PSMD5,Q16401
1488,CIZ1,Q9ULV3
1489,MAOB,P27338
1490,LAS1L,Q9Y4W2
1491,IDS,P22304
1492,RENBP,P51606
1493,GNB1,P62873
1494,CHD5,Q8TDI0
1495,ADGRB2,O60241
1496,SHC1,P29353
1497,YY1AP1,Q9H869
1498,DCAF8,Q5TAQ9
1499,TMCO1,Q9UM00
1500,DNAJC1,Q96KC8
1501,ANXA7,P20073
1502,SEC31B,Q9NQW1
1503,SHTN1,A0MZ66
1504,RAB6A,P20340
1505,IFT46,Q9NQC8
1506,C12orf76,Q8N812
1507,RILPL1,Q5EBL4
1508,USP12,O75317
1509,UGGT2,Q9NYU1
1510,ACTN1,P12814
1511,FBLN5,Q9UBX5
1512,RFX7,Q2KHR2
1513,HEXA,P06865
1514,SCAPER,Q9BY12
1515,SNRPA1,P09661
1516,XPO6,Q96QU8
1517,SULT1A1,P50225
1518,HYDIN,Q4G0P3
1519,DERL2,Q9GZP9
1520,DVL2,O14641
1521,UTP6,Q9NYH9
1522,OSBPL1A,Q9BXW6
1523,CBARP,Q8N350
1524,PIP5K1C,O60331
1525,MEF2B,Q02080
1526,LGI4,Q8N135
1527,ZNF428,Q96B54
1528,HNRNPLL,Q8WVV9
1529,USP34,Q70CQ2
1530,CCDC93,Q567U6
1531,ZNF385B,Q569K4
1532,TMEFF2,Q9UIK5
1533,SERPINE2,P07093
1534,SNX5,Q9Y5X3
1535,TMEM50B,P56557
1536,GGT5,P36269
1537,SUN2,Q9UH99
1538,RRP7A,Q9Y3A4
1539,RPN1,P04843
1540,CEP70,Q8NHQ1
1541,ZBBX,A8MT70
1542,PPP2R2C,Q9Y2T4
1543,QDPR,P09417
1544,SGCB,Q16585
1545,GLRA3,O75311
1546,TTC33,Q6PID6
1547,DTWD2,Q8NBA8
1548,FAM153A,Q9UHL3
1549,COQ3,Q9NZJ6
1550,SGK1,O00141
1551,RNASET2,O00584
1552,TOMM7,Q9P0U1
1553,FAM133B,Q5BKY9
1554,KIF13B,Q9NQT8
1555,NSMAF,Q92636
1556,STAU2,Q9NUL3
1557,PEX2,P28328
1558,ZDHHC21,Q8IVQ6
1559,INIP,Q9NRY2
1560,ST6GALNAC4,Q9H4F1
1561,SH3GLB2,Q9NR46
1562,HMGN5,P82970
1563,DOCK7,Q96N67
1564,GPATCH2,Q9NW75
1565,RBM34,P42696
1566,GRID1,Q9ULK0
1567,FAM204A,Q9H8W3
1568,CSTF3,Q12996
1569,AMN1,Q8IY45
1570,CERS5,Q8N5B7
1571,ZNF385A,Q96PM9
1572,ARL1,P40616
1573,PIGH,Q14442
1574,HERC2,O95714
1575,MAN2C1,Q9NTJ4
1576,BTBD1,Q9H0C5
1577,TARSL2,A2RTX5
1578,EARS2,Q5JPH6
1579,TK2,O00142
1580,ZNF23,P17027
1581,ABR,Q12979
1582,FAM171A2,A8MVW0
1583,ADGRL1,O94910
1584,SHANK1,Q9Y566
1585,RDH13,Q8NBN7
1586,TFPI,P10646
1587,ICA1L,Q8NDH6
1588,KCNQ2,O43526
1589,PLA2G6,O60733
1590,GOLGB1,Q14789
1591,MGLL,Q99685
1592,TMCC1,O94876
1593,BCHE,P06276
1594,SPON2,Q9BUD6
1595,CBR4,Q8N4T8
1596,CSGALNACT1,Q8TDX6
1597,GBA2,Q9HCG7
1598,SLC25A53,Q5H9E4
1599,THOC2,Q8NI27
1600,ZBTB41,Q5SVQ8
1601,CADM1,Q9BY67
1602,VWF,P04275
1603,ZDHHC20,Q5W0Z9
1604,MOK,Q9UQ07
1605,GATM,P50440
1606,ITGAE,P38570
1607,DNAH7,Q8WXX0
1608,RBM39,Q14498
1609,HHATL,Q9HCP6
1610,NEK4,P51957
1611,FHIT,P49789
1612,HLTF,Q14527
1613,LAMB1,P07942
1614,CROCCP3,Q8IVE0
1615,GALE,Q14376
1616,COL16A1,Q07092
1617,OMA1,Q96E52
1618,USP33,Q8TEY7
1619,COL24A1,Q17RW2
1620,GLMN,Q92990
1621,RHOC,P08134
1622,GOLPH3L,Q9H4A5
1623,UBQLN4,Q9NRR5
1624,GLUD1,P00367
1625,PYROXD2,Q8N2H3
1626,DHX32,Q7L7V1
1627,TCERG1L,Q5VWI1
1628,TUBGCP2,Q9BSJ2
1629,PTPN5,P54829
1630,CYB561A3,Q8NBI2
1631,ARAP1,Q96P48
1632,RSF1,Q96T23
1633,ALG8,Q9BVK2
1634,ALG9,Q9H6U8
1635,HEPACAM,Q14CZ8
1636,SLCO1A2,P46721
1637,PLEKHA8P1,O95397
1638,PRKAG1,P54619
1639,DPY19L2,Q6NUT2
1640,NAP1L1,P55209
1641,ANAPC7,Q9UJX3
1642,ATXN2,Q99700
1643,NOVA1,P51513
1644,NIN,Q8N4C6
1645,CCDC175,P0C221
1646,GALC,P54803
1647,TTC7B,Q86TV6
1648,OCA2,Q04671
1649,UBR1,Q8IWV7
1650,MYEF2,Q9P2K5
1651,FAM227B,Q96M60
1652,SIN3A,Q96ST3
1653,CRYM,Q14894
1654,C16orf46,Q6P387
1655,HSDL1,Q3SXM5
1656,PTGES3L-AARSD1,Q9BTE6
1657,CUEDC1,Q9NWM3
1658,USP32,Q8NFA0
1659,ZNF675,Q8TD23
1660,C19orf12,Q9NSK7
1661,ZNF585B,Q52M93
1662,EML2,O95834
1663,IFT172,Q9UG01
1664,RBKS,Q9H477
1665,CNRIP1,Q96F85
1666,ADD2,P35612
1667,SFXN5,Q8TD22
1668,ZC3H8,Q8N5P1
1669,SMPD4,Q9NXE4
1670,ZRANB3,Q5FWF4
1671,SESTD1,Q86VW0
1672,PECR,Q9BY49
1673,FARSB,Q9NSD9
1674,ANKMY1,Q9P2S6
1675,DZANK1,Q9NVP4
1676,PIGU,Q9H490
1677,ZNF334,Q9HCZ1
1678,STAU1,O95793
1679,HPS4,Q9NQG7
1680,DESI1,Q6ICB0
1681,SRGAP3,O43295
1682,SEC22C,Q9BRL7
1683,QARS,P47897
1684,KPNA1,P52294
1685,TBL1XR1,Q9BZK7
1686,ZNF721,Q8TF20
1687,NELFA,Q9H3P2
1688,SNCA,P37840
1689,EIF4E,P06730
1690,ANAPC10,Q9UM13
1691,MTMR12,Q9C0I1
1692,OXCT1,P55809
1693,ARL15,Q9NXU5
1694,WDR41,Q9HAD4
1695,ATG12,O94817
1696,PANK3,Q9H999
1697,EEF1E1-BLOC1S5,C9J1V9
1698,SRPK1,Q96SB4
1699,HACE1,Q8IYU2
1700,ATG5,Q9H1Y0
1701,GOPC,Q9HD26
1702,RMND1,Q9NWS8
1703,RFC2,P35250
1704,POM121C,A8CG34
1705,IMMP2L,Q96T52
1706,LMBR1,Q8WVP7
1707,GTF2E2,P29084
1708,BRF2,Q9HAW0
1709,RAD54B,Q9Y620
1710,TMEM65,Q6PI78
1711,EEF1D,P29692
1712,ZNF251,Q9BRH9
1713,FREM1,Q5H8C1
1714,NMRK1,Q9NWW6
1715,ZNF484,Q5JVG2
1716,MAPKAP1,Q9BPZ7
1717,SYN1,P17600
1718,HDAC8,Q9BY41
1719,SMARCA1,P28370
1720,GABRA3,P34903
1721,CCT3,P49368
1722,CHIT1,Q13231
1723,ELK4,P28324
1724,NSUN6,Q8TEA1
1725,CELF1,Q92879
1726,ZDHHC24,Q6UX98
1727,FEZ1,Q99689
1728,GTF2A2,P52657
1729,PDXDC2P,Q6P474
1730,COPS3,Q9UNS2
1731,CA10,Q9NS85
1732,ABCA6,Q8N139
1733,SS18,Q15532
1734,CCDC173,Q0VFZ6
1735,U2AF1,Q01081
1736,COX17,Q14061
1737,DGKG,P49619
1738,CDKL2,Q92772
1739,MANBA,O00462
1740,CDH9,Q9ULB4
1741,TTC37,Q6PGP7
1742,PDGFRB,P09619
1743,MAPK9,P45984
1744,EXOC2,Q96KP1
1745,COX7A2,P14406
1746,REPS1,Q96D71
1747,STYXL1,Q9Y6J8
1748,RASA4,O43374
1749,FBXL13,Q8NEE6
1750,MKRN1,Q9UHC7
1751,PLEKHG5,O94827
1752,S100A13,Q99584
1753,ARHGAP21,Q5T5U3
1754,NUPR1,O60356
1755,UBE2G1,P62253
1756,PLXDC1,Q8IUK5
1757,ANKRD29,Q8N6D5
1758,TRAPPC8,Q9Y2L5
1759,PIAS2,O75928
1760,GALNT14,Q96FL9
1761,ATP6V1E1,P36543
1762,SMARCC1,Q92922
1763,NME9,Q86XW9
1764,FGF12,P61328
1765,COL28A1,Q2UY09
1766,SCRN1,Q12765
1767,VAMP4,O75379
1768,ASCC1,Q8N9N2
1769,NELL2,Q99435
1770,SUPT16H,Q9Y5B9
1771,METTL3,Q86U44
1772,NAE1,Q13564
1773,ANKFY1,Q9P2R3
1774,MBP,P02686
1775,MBOAT2,Q6ZWT7
1776,ZMYND8,Q9ULU4
1777,DONSON,Q9NYP3
1778,IGSF11,Q5DX21
1779,SEMA5B,Q9P283
1780,NPHP3,Q7Z494
1781,PRSS12,P56730
1782,DCTN4,Q9UJW0
1783,FAXC,Q5TGI0
1784,RAD21,O60216
1785,FKBP15,Q5T1M5
1786,HAUS7,Q99871
1787,FAM131C,Q96AQ9
1788,HP1BP3,Q5SSJ5
1789,YARS,P54577
1790,PHC2,Q8IXK0
1791,DLGAP3,O95886
1792,KIAA0319L,Q8IZA0
1793,JAK1,P23458
1794,WDR47,O94967
1795,SIKE1,Q9BRV8
1796,ACP6,Q9NPH0
1797,C1orf43,Q9BWL3
1798,MRPL24,Q96A35
1799,BATF3,Q9NR55
1800,NVL,O15381
1801,RGS7,P49802
1802,ABI1,Q8IZP0
1803,ITGB1,P05556
1804,ZNF33B,Q06732
1805,PTPN20,Q4JDL3
1806,PARG,Q86W56
1807,DNA2,P51530
1808,ANXA11,P50995
1809,SLIT1,O75093
1810,BBIP1,A8MTZ0
1811,HSPA12A,O43301
1812,SFXN4,Q6P4A7
1813,CFAP46,Q8IYW2
1814,ZNF195,O14628
1815,GALNT18,Q6P9A2
1816,LRP4,O75096
1817,SLC43A1,O75387
1818,XRRA1,Q6P2D8
1819,PAK1,Q13153
1820,CWF19L2,Q2TBE0
1821,MSANTD2,Q6P1R3
1822,FBXL14,Q8N1E6
1823,KMT2D,O14686
1824,STAT6,P42226
1825,R3HDM2,Q9Y2K5
1826,WIF1,Q9Y5W5
1827,PTPRB,P23467
1828,CAPS2,Q9BXY5
1829,EEA1,Q15075
1830,ANKS1B,Q7Z6G8
1831,UHRF1BP1L,A0JNW5
1832,C12orf73,Q69YU5
1833,TMEM119,Q4V9L6
1834,VPS29,Q9UBQ0
1835,CHFR,Q96EP1
1836,ZNF605,Q86T29
1837,MICU2,Q8IYU8
1838,N4BP2L1,Q5TBK1
1839,RCBTB1,Q8NDN9
1840,NEK3,P51956
1841,EAPP,Q56P03
1842,RALGAPA1,Q6GYQ0
1843,SEC23A,Q15436
1844,FKBP3,Q00688
1845,NEK9,Q8TD19
1846,ITPK1,Q13572
1847,OTUD7A,Q8TE49
1848,ZNF280D,Q6N043
1849,ICE2,Q659A1
1850,VPS13C,Q709C8
1851,IGDCC4,Q8TDY8
1852,ETFA,P13804
1853,CPEB1,Q9BZB8
1854,MFGE8,Q08431
1855,GGA2,Q9UJY4
1856,BCL7C,Q8WUZ0
1857,AMFR,Q9UKV5
1858,CFDP1,Q9UEE9
1859,MED1,Q15648
1860,NT5C3B,Q969T7
1861,MPP2,Q14168
1862,SLC35B1,P78383
1863,MTMR4,Q9NYA4
1864,DLGAP1,O14490
1865,TXNL4A,P83876
1866,ZNF490,Q9ULM2
1867,TNPO2,O14787
1868,ZNF529,Q6P280
1869,FBXO17,Q96EF6
1870,FBXO27,Q8NI29
1871,GRIK5,Q16478
1872,LYPD5,Q6UWN5
1873,LRRC4B,Q9NT99
1874,ZNF665,Q9H7R5
1875,FIZ1,Q96SL8
1876,ROCK2,O75116
1877,KCNK12,Q9HB15
1878,RTN4,Q9NQC3
1879,NFU1,Q9UMS0
1880,GCFC2,P16383
1881,ANKRD36B,Q8N2N9
1882,HS6ST1,O60243
1883,FAM168B,A1KXE4
1884,ERMN,Q8TAM6
1885,HIBCH,Q6NVY1
1886,INO80D,Q53TQ3
1887,KANSL1L,A0AUZ9
1888,NDUFA10,O95299
1889,RNF24,Q9Y225
1890,NCOA6,Q14686
1891,ASCC2,Q9H1I8
1892,SOX10,P56693
1893,RPS19BP1,Q86WX3
1894,EFCAB6,Q5THR3
1895,ATP2B2,Q01814
1896,NEK10,Q6ZWH5
1897,SUSD5,O60279
1898,ACAA1,P09110
1899,POMGNT2,Q8NAT1
1900,ZNF445,P59923
1901,PBRM1,Q86U86
1902,DCP1A,Q9NPI6
1903,THOC7,Q6I9Y2
1904,CFAP44,Q96MT7
1905,SLC12A8,A0AV02
1906,TPRA1,Q86W33
1907,NPHP3-ACAD11,A0A0J9YXS1
1908,ATP13A3,Q9H7F0
1909,TCTEX1D2,Q8WW35
1910,FAM184B,Q9ULE4
1911,CCDC149,Q6ZUS6
1912,PDS5A,Q29RF7
1913,APBB2,Q92870
1914,MAPK10,P53779
1915,PLA2G12A,Q9BZM1
1916,AADAT,Q8N5Z0
1917,AGA,P20933
1918,PDE4D,Q08499
1919,TMEM232,C9JQI7
1920,ARAP3,Q8WWN8
1921,FGF1,P05230
1922,CAMK2A,Q9UQM7
1923,ADGRF5,Q8IZF2
1924,USP45,Q70EL2
1925,CDK19,Q9BWU1
1926,HBS1L,Q9Y450
1927,BRAT1,Q6PJG6
1928,DPY19L2P1,Q6NXN4
1929,ZNF680,Q8NEM1
1930,SYPL1,Q16563
1931,COG5,Q9UP83
1932,CNOT4,O95628
1933,PTN,P21246
1934,HIPK2,Q9H2X6
1935,ZNF786,Q8N393
1936,MRPS28,Q9Y2Q9
1937,IMPA1,P29218
1938,TRIQK,Q629K1
1939,UQCRB,P14927
1940,NCALD,P61601
1941,TAF2,Q6P1X5
1942,FAM49B,Q9NUQ9
1943,PTK2,Q05397
1944,COMMD5,Q9GZQ3
1945,CBWD6,Q4V339
1946,GNAQ,P50148
1947,AGTPBP1,Q9UPW5
1948,CDC14B,O60729
1949,CTNNAL1,Q9UBT7
1950,TTLL11,Q8NHH1
1951,BRD3,Q15059
1952,PUM1,Q14671
1953,P3H1,Q32P28
1954,GPR161,Q8N6U8
1955,UEVLD,Q8IX04
1956,IMMP1L,Q96LU5
1957,LPXN,O60711
1958,STX5,Q13190
1959,LTBP3,Q9NS15
1960,CPNE8,Q86YQ8
1961,GALNT6,Q8NCL4
1962,SPRYD7,Q5W111
1963,HSP90AA1,P07900
1964,CHRFAM7A,Q494W8
1965,PPIP5K1,Q6PFW1
1966,FRMD5,Q7Z6J6
1967,TTC23,Q5W5X9
1968,TXNDC11,Q6PKC3
1969,RPGRIP1L,Q68CZ1
1970,RPL17-C18orf32,A0A0A0MRF8
1971,RPL17-C18orf32,A0A0A6YYL6
1972,NETO1,Q8TDF5
1973,KANK3,Q6NY19
1974,STX10,O60499
1975,ZNF826P,Q6ZT77
1976,ATP4A,P20648
1977,HSD17B14,Q9BPX1
1978,ZNF671,Q8TAW3
1979,HEATR5B,Q9P2D3
1980,MRPS5,P82675
1981,TMEM127,O75204
1982,LMAN2L,Q9H0V9
1983,CREG2,Q8IUH2
1984,RAF1,P04049
1985,SLC41A3,Q96GZ6
1986,RPL39L,Q96EH5
1987,MCHR2,Q969V1
1988,TPD52,P55327
1989,KCNK9,Q9NPC2
1990,ROR2,Q01974
1991,TMLHE,Q9NVH6
1992,APBB1,O00213
1993,ZBTB25,P24278
1994,LMF1,Q96S06
1995,FAM182B,Q5T319
1996,KCNIP4,Q6PIL6
1997,TFB1M,Q8WVM0
1998,LPAR1,Q92633
1999,SLC35E2B,P0CK96
2000,MEAF6,Q9HAF1
2001,NEBL,O76041
2002,PDZD7,Q9H5P4
2003,ABCC8,Q09428
2004,MPPED2,Q15777
2005,CHKA,P35790
2006,NUMA1,Q14980
2007,PITPNM2,Q9BZ72
2008,KARS,Q15046
2009,SAMD14,Q8IZD0
2010,ATL2,Q8NHH9
2011,LONRF2,Q1L5Z9
2012,KIF1A,Q12756
2013,RRP7BP,Q9NSQ0
2014,LHFPL4,Q7Z7J7
2015,PLXND1,Q9Y4D7
2016,SPATA9,Q9BWV2
2017,CPNE5,Q9HCH3
2018,RMDN1,Q96DB5
2019,C5,P01031
2020,HDX,Q7Z353
2021,RAP1GAP,P47736
2022,LUZP1,Q86V48
2023,ADGRL4,Q9HBW9
2024,GLUL,P15104
2025,PCDH15,Q96QU1
2026,SCUBE2,Q9NQ36
2027,KDM5A,P29375
2028,IPO8,O15397
2029,ENOX1,Q8TC92
2030,L3HYPDH,Q96EM0
2031,DICER1,Q9UPY3
2032,DENND4A,Q7Z401
2033,ITFG1,Q8TB96
2034,ENOSF1,Q7L5Y1
2035,ZNF564,Q8TBZ8
2036,NOVA2,Q9UNW9
2037,PXDN,Q92626
2038,CMPK2,Q5EBM0
2039,NOL4L,Q96MY1
2040,SFMBT1,Q9UHJ3
2041,LSAMP,Q13449
2042,C3orf70,A6NLC5
2043,TBCCD1,Q9NVR7
2044,CYTL1,Q9NRR1
2045,YIPF7,Q8N8F6
2046,FCHSD1,Q86WN1
2047,PPP2R2B,Q00005
2048,KIAA0319,Q5VV43
2049,ABCB1,P08183
2050,TRIM4,Q9C037
2051,KIAA1147,A4D1U4
2052,PPP1R42,Q7Z4L9
2053,ST3GAL1,Q11201
2054,NME7,Q9Y5B8
2055,GNPTAB,Q3T906
2056,GLTP,Q9NZD2
2057,USP50,Q70EL3
2058,IFT140,Q96RY7
2059,TRIM37,O94972
2060,CCDC57,Q2TAC2
2061,NME5,P56597
2062,NUDCD2,Q8WVJ2
2063,RARS2,Q5T160
2064,NBN,O60934
2065,WARS2,Q9UGM6
2066,ZNF25,P17030
2067,LRRC4C,Q9HCJ2
2068,IGSF9B,Q9UPX0
2069,DENND5B,Q6ZUT9
2070,PTPRR,Q15256
2071,TIMM9,Q9Y5J7
2072,SPG11,Q96JI7
2073,MPP3,Q13368
2074,ITSN2,Q9NZM3
2075,EXOC6B,Q9Y2D4
2076,OLA1,Q9NTK5
2077,CADPS,Q9ULU8
2078,GK5,Q6ZS86
2079,ZGRF1,Q86YA3
2080,RPL37,P61927
2081,BRD8,Q9H0E9
2082,TBC1D7,Q9P0N9
2083,CUL7,Q14999
2084,CHCHD3,Q9NX63
2085,PADI2,Q9Y2J8
2086,PARD3,Q8TEW0
2087,DLG2,Q15700
2088,SYTL2,Q9HCH5
2089,ING4,Q9UNL4
2090,BRD4,O60885
2091,BAZ2B,Q9UIF8
2092,SLC25A17,O43808
2093,MICAL1,Q8TDZ2
2094,SCMH1,Q96GD3
2095,VAV3,Q9UKW4
2096,THEM4,Q5T1C6
2097,ERLIN1,O75477
2098,ALKBH8,Q96BT7
2099,SCN2B,O60939
2100,CEP290,O15078
2101,CIT,O14578
2102,SAV1,Q9H4B6
2103,PTPN21,Q16825
2104,TSPAN3,O60637
2105,CDH11,P55287
2106,FANCA,O15360
2107,CEP112,Q8N8E3
2108,TMC6,Q7Z403
2109,TIMP2,P16035
2110,RTTN,Q86VV8
2111,SHC2,P98077
2112,TEAD2,Q15562
2113,ZIM2,Q9NZV7
2114,CLHC1,Q8NHS4
2115,TRAK2,O60296
2116,CUL3,Q13618
2117,GNB1L,Q9BYB4
2118,PARP9,Q8IXQ6
2119,OSBPL11,Q9BXB4
2120,ABCC5,O15440
2121,RCHY1,Q96PM5
2122,FAM169A,Q9Y6X4
2123,TMEM161B,Q8NDZ6
2124,TYW1B,Q6NUM6
2125,ZNF767P,Q75MW2
2126,CSMD1,Q96PZ7
2127,ASPH,Q12797
2128,PMP2,P02689
2129,PTPRD,P23468
2130,PRUNE2,Q8WUY3
2131,SCAI,Q8N9R8
2132,ZNF674,Q2M3X9
2133,ARHGEF9,O43307
2134,ABCB7,O75027
2135,ZDHHC15,Q96MV8
2136,ATRX,P46100
2137,RAB9B,Q9NP90
2138,FBXO42,Q6P3S6
2139,DNMBP,Q6XZF7
2140,MGAT4C,Q9UBM8
2141,GABPB1,Q06547
2142,SMARCE1,Q969G3
2143,NT5C1B-RDH14,C9J2C7
2144,LYPD1,Q8N2G4
2145,CMBL,Q96DG6
2146,TBCA,O75347
2147,FBXL17,Q9UF56
2148,KLHL3,Q9UH77
2149,ZFP62,Q8NB50
2150,ASCC3,Q8N3C0
2151,KIAA1324L,A8MWY0
2152,PTPRN2,Q92932
2153,GRIN3A,Q8TCU5
2154,OSCP1,Q8WVF1
2155,ERI3,O43414
2156,LRRIQ3,A6PVS8
2157,KCNT2,Q6UVM3
2158,NUP133,Q8WUM0
2159,ARID4B,Q4LE39
2160,ERO1B,Q86YB8
2161,FAM107B,Q9H098
2162,IDE,P14735
2163,C10orf90,Q96M02
2164,HPS5,Q9UPZ3
2165,GAL3ST3,Q96A11
2166,RAB30,Q15771
2167,NPAT,Q14207
2168,ABCC9,O60706
2169,TM7SF3,Q9NS93
2170,PRICKLE1,Q96MT3
2171,TSPAN19,P0C672
2172,TAOK3,Q9H2K8
2173,RBM26,Q5T8P6
2174,CARS2,Q9HA77
2175,WARS,P23381
2176,UBAP1L,F5GYI3
2177,PCSK6,P29122
2178,CLN3,Q13286
2179,CCDC144B,Q3MJ40
2180,ULK2,Q8IYT8
2181,MED13,Q9UHV7
2182,CDH2,P19022
2183,HDHD2,Q9H0R4
2184,ZNF14,P17017
2185,ZNF320,A2RRD8
2186,NBAS,A2RRP1
2187,MMADHC,Q9H3L0
2188,LRP2,P98164
2189,EPHA4,P54764
2190,C20orf194,Q5TEA3
2191,TRPC4AP,Q8TEL6
2192,TPST2,O60704
2193,ANKRD28,O15084
2194,MYLK,Q15746
2195,DZIP1L,Q8IYY4
2196,C3orf33,Q6P1S2
2197,SPARCL1,Q14515
2198,TRPC3,Q13507
2199,NSUN2,Q08J23
2200,SH3TC2,Q8TF17
2201,TNIP1,Q15025
2202,MCM3,P25205
2203,COL21A1,Q96P44
2204,MAGI2,Q86UL8
2205,SLC37A3,Q8NCC5
2206,ATP6V1H,Q9UI12
2207,ASTN2,O75129
2208,PPP6C,O00743
2209,CAMSAP1,Q5T5Y3
2210,UXT,Q9UBK9
2211,SMYD3,Q9H7B4
2212,NPFFR1,Q9GZQ6
2213,ZNF235,Q14590
2214,RIMS3,Q9UJD0
2215,ASH1L,Q9NR48
2216,CCDC90B,Q9GZT6
2217,SLC6A13,Q9NSD5
2218,CLUH,O75153
2219,ISOC2,Q96AB3
2220,UQCC1,Q9NVA1
2221,ANKRD17,O75179
2222,TMEM150C,B9EJG8
2223,LIFR,P42702
2224,MED14,O60244
2225,NPHP4,O75161
2226,EYA3,Q99504
2227,ECHDC2,Q86YB7
2228,SYT7,O43581
2229,YBX3,P16989
2230,SLC7A1,P30825
2231,STXBP6,Q8NFX7
2232,L2HGDH,Q9H9P8
2233,RTN1,Q16799
2234,DAPK2,Q9UIK4
2235,AAGAB,Q6PD74
2236,ABCC6,O95255
2237,COPRS,Q9NQ92
2238,THUMPD2,Q9BTF0
2239,PI4KA,P42356
2240,COMMD2,Q86X83
2241,DLG1,Q12959
2242,NFXL1,Q6ZNB6
2243,PPP3CA,Q08209
2244,SREK1IP1,Q8N9Q2
2245,NDUFAF4,Q9P032
2246,ANKS6,Q68DC2
2247,ALDH18A1,P54886
2248,RNH1,P13489
2249,FAIM2,Q9BWQ8
2250,TMEM116,Q8NCL8
2251,ANAPC5,Q9UJX4
2252,MIPEP,Q99797
2253,MYO5A,Q9Y4I1
2254,USP36,Q9P275
2255,DNER,Q8NFT8
2256,TXN2,Q99757
2257,HAPLN1,P10915
2258,TMEM173,Q86WV6
2259,POPDC3,Q9HBV1
2260,EIF2AK1,Q9BQI3
2261,COA1,Q9GZY4
2262,UTY,O14607
2263,LTA4H,P09960
2264,STX2,P32856
2265,NPRL3,Q12980
2266,MED24,O75448
2267,CARD8,Q9Y2G2
2268,EDEM2,Q9BV94
2269,SUMF1,Q8NBK3
2270,EXD3,Q8N9H8
2271,CHD6,Q8TD26
2272,KMT2C,Q8NEZ4
2273,ANKRD10,Q9NXR5
2274,CPNE4,Q96A23
2275,COBL,O75128
2276,DLC1,Q96QB1
2277,UBXN11,Q5T124
2278,SPATA6,Q9NWH7
2279,SYT2,Q8N9I0
2280,CPEB3,Q8NE35
2281,PRPF19,Q9UMS4
2282,MAP4K5,Q9Y4K4
2283,DCAKD,Q8WVC6
2284,CDK5RAP1,Q96SZ6
2285,POLN,Q7Z5Q5
2286,KIF6,Q6ZMV9
2287,RB1CC1,Q8TDY2
2288,CASK,O14936
2289,KANSL2,Q9H9L4
2290,ERVK13-1,Q9NX77
2291,DQX1,Q8TE96
2292,STK39,Q9UEW8
2293,TMBIM1,Q969X1
2294,PIGZ,Q86VD9
2295,MAP3K5,Q99683
2296,DNAJC12,Q9UKB3
2297,DSCAM,O60469
2298,HTR4,Q13639
2299,TTLL7,Q6ZT98
2300,ADSS,P30520
2301,CRTAC1,Q9NQ79
2302,PKD2L1,Q9P0L9
2303,UROS,P10746
2304,SLC15A5,A6NIM6
2305,SDR9C7,Q8NEX9
2306,CEP83,Q9Y592
2307,CDK17,Q00537
2308,MMAB,Q96EY8
2309,RPS6KA5,O75582
2310,PPP4R3A,Q6IN85
2311,LGMN,Q99538
2312,RORA,P35398
2313,CIB2,O75838
2314,CDH8,P55286
2315,TRIM16,O95361
2316,FAM222B,Q8WU58
2317,INTS2,Q9H0H0
2318,MATK,P42679
2319,ADAM17,P78536
2320,PUM2,Q8TB72
2321,PIGF,Q07326
2322,CCDC88A,Q3V6T2
2323,SLC35F5,Q8WV83
2324,USP40,Q9NVE5
2325,LTN1,O94822
2326,THRB,P10828
2327,IQCF1,Q8N6M8
2328,PLD1,Q13393
2329,MRPL47,Q9HD33
2330,CLOCK,O15516
2331,SCARB2,Q14108
2332,INPP4B,O15327
2333,PRKAA1,Q13131
2334,PJA2,O43164
2335,FAM13B,Q9NYF5
2336,REV3L,O60673
2337,PSMA2,P25787
2338,NDUFA5,Q16718
2339,LINGO2,Q7L985
2340,BAG1,Q99933
2341,VPS37B,Q9H9H4
2342,DHX58,Q96C10
2343,OLFM2,O95897
2344,SNTA1,Q13424
2345,DYNC1LI1,Q9Y6G9
2346,FAM89A,Q96GI7
2347,EIF2AK2,P19525
2348,CNTNAP3,Q9BZ76
2349,NR6A1,Q15406
2350,PPT1,P50897
2351,MCOLN2,Q8IZK6
2352,SORT1,Q99523
2353,ESRRG,P62508
2354,TRAF6,Q9Y4K3
2355,SYT13,Q7L8C5
2356,KLRC3,Q07444
2357,SPRYD3,Q8NCJ5
2358,DCUN1D2,Q6PH85
2359,NETO2,Q8NC67
2360,CNGB1,Q14028
2361,EPOR,P19235
2362,ELOF1,P60002
2363,MICAL3,Q7RTP6
2364,NGLY1,Q96IV0
2365,CNTN3,Q9P232
2366,ALDH1L1,O75891
2367,BDH2,Q9BUT1
2368,LINC00473,A8K010
2369,CACNA2D1,P54289
2370,ORC5,O43913
2371,CADPS2,Q86UW7
2372,CLIC2,O15247
2373,DPYD,Q12882
2374,SDAD1,Q9NVU7
2375,ST6GALNAC6,Q969X2
2376,DCP1B,Q8IZD4
2377,DUSP16,Q9BY84
2378,ITGA7,Q13683
2379,RPS6KL1,Q9Y6S9
2380,POMT2,Q9UKY4
2381,EDC3,Q96F86
2382,SSH2,Q76I76
2383,RIT2,Q99578
2384,SYT3,Q9BQG1
2385,GTF3C3,Q9Y5Q9
2386,FAM126B,Q8IXS8
2387,TASP1,Q9H6P5
2388,NKIRAS1,Q9NYS0
2389,GSK3B,P49841
2390,MBD4,O95243
2391,C4orf45,Q96LM5
2392,ANKRD55,Q3KP44
2393,SNCB,Q16143
2394,CMAHP,Q9Y471
2395,DGKI,O75912
2396,PRC1,O43663
2397,LINS1,Q8NG48
2398,SMIM7,Q9BQ49
2399,FTCDNL1,E5RQL4
2400,TTLL1,O95922
2401,AFAP1,Q8N556
2402,SPOCK1,Q08629
2403,IFNGR1,P15260
2404,GOLM1,Q8NBJ4
2405,FCGR3A,P08637
2406,ATE1,O95260
2407,RPS13,P62277
2408,COMMD9,Q9P000
2409,SMARCC2,Q8TAQ2
2410,GIT2,Q14161
2411,KLF12,Q9Y4X4
2412,MYCBP2,O75592
2413,HAPLN3,Q96S86
2414,PLA2G10,O15496
2415,ROCK1,Q13464
2416,C3,P01024
2417,ZNF433,Q8N7K0
2418,TYROBP,O43914
2419,PPP5D1,E7EU14
2420,STRN,O43815
2421,MAPK1,P28482
2422,ZNF385D,Q9H6B1
2423,EIF4E3,Q8N5X7
2424,PROS1,P07225
2425,PEX5L,Q8IYB4
2426,PPM1K,Q8N3J5
2427,PRDM5,Q9NQX1
2428,HDAC3,O15379
2429,KIAA1191,Q96A73
2430,RNF130,Q86XS8
2431,CNR1,P21554
2432,RAPGEF5,Q92565
2433,CALN1,Q9BXU9
2434,PSD3,Q9NYI0
2435,ZNF395,Q9H8N7
2436,SPTLC1,O15269
2437,GLA,P06280
2438,GNG12,Q9UBI6
2439,PIGK,Q92643
2440,CTSS,P25774
2441,TFCP2,Q12800
2442,GLT8D2,Q9H1C3
2443,EFCAB11,Q9BUY7
2444,IFT80,Q9P2H3
2445,GABRB2,P47870
2446,SSR1,P43307
2447,GNA12,Q03113
2448,UBAC1,Q9BSL1
2449,GPM6B,Q13491
2450,C1orf216,Q8TAB5
2451,ODF2L,Q9ULJ1
2452,HNRNPF,P52597
2453,ATAD1,Q8NBU5
2454,DEAF1,O75398
2455,PHF21A,Q96BD5
2456,VSTM5,A8MXK1
2457,AGAP2,Q99490
2458,NUAK1,O60285
2459,KPNA3,O00505
2460,TRPM7,Q96QT4
2461,CTSH,P09668
2462,LYSMD4,Q5XG99
2463,TRPV1,Q8NER1
2464,ADCY3,O60266
2465,PNPT1,Q8TCS8
2466,OSBPL10,Q9BXB5
2467,PLCH1,Q4KWH8
2468,RNGTT,O60942
2469,MEOX2,P50222
2470,KRIT1,O00522
2471,POT1,Q9NUX5
2472,DNTTIP2,Q5QJE6
2473,CRY1,Q16526
2474,TTBK2,Q6IQ55
2475,RHCG,Q9UBD6
2476,CCT6B,Q92526
2477,DDX52,Q9Y2R4
2478,SYMPK,Q92797
2479,CDKL4,Q5MAI5
2480,PPP3R1,P63098
2481,CSNK1E,P49674
2482,VGLL4,Q14135
2483,CRMP1,Q14194
2484,RAB28,P51157
2485,PPA2,Q9H2U2
2486,CDO1,Q16878
2487,AK9,Q5TCS8
2488,TUBE1,Q9UJT0
2489,UBQLN1,Q9UMX0
2490,ARHGAP6,O43182
2491,CTNNBIP1,Q9NSA3
2492,EVI5,O60447
2493,NRAS,P01111
2494,GPR89A,B7ZAQ6
2495,AIFM2,Q9BRQ8
2496,CFAP43,Q8NDM7
2497,NCOR1,O75376
2498,NOL4,O94818
2499,SEMA6B,Q9H3T3
2500,MAP4,P27816
2501,HACD2,Q6Y1H2
2502,TNIP3,Q96KP6
2503,TBC1D32,Q96NH3
2504,PDE1C,Q14123
2505,NIPAL2,Q9H841
2506,CTNND2,Q9UQB3
2507,DHCR24,Q15392
2508,IGDCC3,Q8IVU1
2509,ATP13A1,Q9HD20
2510,SLC9B2,Q86UD5
2511,ATXN1,P54253
2512,SARDH,Q9UL12
2513,ZSWIM5,Q9P217
2514,PIP4K2A,P48426
2515,TLL2,Q9Y6L7
2516,TESC,Q96BS2
2517,TEX30,Q5JUR7
2518,DET1,Q7L5Y6
2519,GSG1L,Q6UXU4
2520,PLA2G4C,Q9UP65
2521,TTC21B,Q7Z4L5
2522,MAGI1,Q96QZ7
2523,GABRG1,Q8N1C3
2524,CENPK,Q9BS16
2525,ERAP1,Q9NZ08
2526,CCDC112,Q8NEF3
2527,ECHDC1,Q9NTX5
2528,TIMM17B,O60830
2529,KIF17,Q9P2E2
2530,PRKAB2,O43741
2531,C1orf131,Q8NDD1
2532,POU6F1,Q14863
2533,POC1B,Q8TC44
2534,SLC41A2,Q96JW4
2535,STRN3,Q13033
2536,TFAP4,Q01664
2537,KIF3C,O14782
2538,ERCC8,Q13216
2539,DPY19L2P2,Q6ZN68
2540,TMEM209,Q96SK2
2541,LAMP2,P13473
2542,DDOST,P39656
2543,DAB1,O75553
2544,LIN9,Q5TKA1
2545,SIK3,Q9Y2K2
2546,C12orf49,Q9H741
2547,CAMKK2,Q96RR4
2548,DHX37,Q8IY37
2549,TRAP1,Q12931
2550,NLRP1,Q9C000
2551,ZNF18,P17022
2552,ZNF823,P16415
2553,ZNF569,Q5MCW4
2554,TMEM189-UBE2V1,I3L0A0
2555,SEC24D,O94855
2556,TRAM2,Q15035
2557,NOD1,Q9Y239
2558,EIF3E,P60228
2559,PSMB7,Q99436
2560,EBNA1BP2,Q99848
2561,ARHGAP30,Q7Z6I6
2562,RIMBP2,O15034
2563,N4BP2L2,Q92802
2564,ERO1A,Q96HE7
2565,ICAM2,P13598
2566,OPA3,Q9H6K4
2567,SULF2,Q8IWU5
2568,APOL2,Q9BQE5
2569,FAM107A,O95990
2570,TEC,P42680
2571,SLC9B1,Q4ZJI4
2572,TBCK,Q8TEA7
2573,SSBP2,P81877
2574,PRELID2,Q8N945
2575,EYS,Q5T1H1
2576,CEP162,Q5TB80
2577,OSTM1,Q86WC4
2578,ATP11C,Q8NB49
2579,PAQR7,Q86WK9
2580,ENTPD5,O75356
2581,SSUH2,Q9Y2M2
2582,SEMA5A,Q13591
2583,AHI1,Q8N157
2584,EXTL2,Q9UBQ6
2585,GON4L,Q3T8J9
2586,KCNH1,O95259
2587,GNG4,P50150
2588,CYP2C8,P10632
2589,GOT1,P17174
2590,C2CD3,Q4AC94
2591,NCKAP5L,Q9HCH0
2592,C12orf66,Q96MD2
2593,RNPS1,Q15287
2594,MBTPS1,Q14703
2595,SYNRG,Q9UMZ2
2596,OTOF,Q9HC10
2597,PREX1,Q8TCU6
2598,TSPAN5,P62079
2599,PREP,P48147
2600,FAM3C,Q92520
2601,PLXNA4,Q9HCM2
2602,RAPGEF1,Q13905
2603,OTUD7B,Q6GQQ9
2604,UBE3A,Q05086
2605,TJP1,Q07157
2606,NAGPA,Q9UK23
2607,OSBPL7,Q9BZF2
2608,ACOX2,Q99424
2609,SENP7,Q9BQF6
2610,ATP13A4,Q4VNC1
2611,STX18,Q9P2W9
2612,PREPL,Q4J6C6
2613,ST7L,Q8TDW4
2614,PARP1,P09874
2615,ANK3,Q12955
2616,JMJD1C,Q15652
2617,MPHOSPH6,Q99547
2618,CDC27,P30260
2619,ZNF45,Q02386
2620,OCIAD2,Q56VL3
2621,NUP153,P49790
2622,TPMT,P51580
2623,ELOVL5,Q9NYP7
2624,HERC1,Q15751
2625,CHDH,Q8NE62
2626,CDC42BPA,Q5VT25
2627,HERC4,Q5GLZ8
2628,KDSR,Q06136
2629,FAM49A,Q9H0Q0
2630,PGAP1,Q75T13
2631,RALGAPA2,Q2PPJ7
2632,RPS10-NUDT3,A0A1W2PQS6
2633,RPS10-NUDT3,A0A2R8Y6L3
2634,RPS10-NUDT3,S4R435
2635,MTUS1,Q9ULD2
2636,MORN1,Q5T089
2637,HEATR1,Q9H583
2638,DROSHA,Q9NRR4
2639,GLRX,P35754
2640,CPNE1,Q99829
2641,LYNX1,P0DP58
2642,NAA10,P41227
2643,LAMA1,P25391
2644,LINC00299,Q6ZSB3
2645,COPS5,Q92905
2646,RAD1,O60671
2647,SNIP1,Q8TAD8
2648,FAM172A,Q8WUF8
2649,WDR59,Q6PJI9
2650,PTPRN,Q16849
2651,SORBS1,Q9BX66
2652,THOC1,Q96FV9
2653,MXD4,Q14582
2654,VPS53,Q5VIR6
2655,PASK,Q96RG2
2656,PIP4K2B,P78356